001DrMaster                 002DrTrans                  003DrContact                004DrMail                   005DrDeliver                011StMaster                 012StTrans                  013StReceipt                014StReceiptLY              015StImports                016StOrders                 017StSpecPr                 018StOrderGen               019StNewPrices              020StChanges                021SlDailyEx                022SlInvRev                 023SlParameter              024SlSoldBy                 025SlSbRep                  026SlMaster                 027SlDistTot                028SlRegister               029SlSpecials               030CrMaster                 031CrTrans                  032CrJrn                    033CrCurrency               040CbMaster                 041CbMasterLY               042CbTrans                  043CbTransLY                051GlMaster                 052GlMasterLY               053GlTrans                  054GlTransLY                055GlJrn                    056GlParameter              060BmMaster                 080CoCompany                081CoMenu                   082CoDataName               083CoForms.Lib              084CoFaxParam               085CoPullBy                 086CoCashSales              087CoPullers                088CoPrinters               089StCatalogue              090StAlternative            091CrFBCHeader              092CrFBCTrans               093CrAlias                  094CrCheques                095StDiscAcc                096CoStaffInOut             097StBranchCat              098StTransLY                099SlRegLY                  100CrCAMSTrans              101BankCAMSTrans            102CrRemittance             103CrRemitTrans             104DrMasterOld              105StockLookup              106CrMasterOld              107CoPrintersRemote         
